1696573720930717053,1696573721160524871,229076088,229753970
1696573721160534928,1696573721369981909,208806674,209394251
1696573721369992246,1696573721593813665,223182090,223767362
1696573721593825888,1696573721822848756,228426980,228967415
1696573721822858674,1696573722049640328,226205321,226730669
1696573722049651362,1696573722249406781,199129848,199691095
1696573722249419981,1696573722477566549,227511358,228097818
1696573722477575628,1696573722696507790,218286896,218879152
1696573722696517568,1696573722900496794,203442005,203931105
1696573722900506921,1696573723160833261,259627226,260271514
1696573723160844645,1696573723424949483,263452587,264038209
1696573723424961915,1696573723653964740,228410219,228951421
1696573723653974797,1696573723885599054,230997918,231574041
1696573723885608902,1696573724104517318,218231442,218857083
1696573724104526747,1696573724320905921,215793693,216330076
1696573724320918353,1696573724541321239,219854071,220354765
1696573724541337931,1696573724753834754,211890878,212426772
1696573724753849979,1696573724979330276,224853398,225434830
1696573724979340193,1696573725209309905,229266058,229917261
1696573725209319962,1696573725455717035,245780302,246346926
1696573725455726533,1696573725673889252,217536379,218113550
1696573725673900217,1696573725888088322,213647811,214139916
1696573725888102151,1696573726116466555,227806440,228322080
1696573726116475983,1696573726315628321,198595561,199106522
1696573726315636353,1696573726546736241,230518178,231030256
1696573726546748463,1696573726788062747,240733202,241264836
1696573726788072735,1696573727018569820,229940448,230447219
1696573727018579388,1696573727249576609,230364107,230948122
1696573727249585759,1696573727475416172,225202817,225778940
1696573727475426159,1696573727707846611,231855574,232369607
1696573727707856738,1696573727919034254,210632892,211128976
1696573727919044661,1696573728154588497,234864697,235494248
1696573728154598414,1696573728369740207,214538222,215057215
1696573728369751242,1696573728602508401,232165461,232710295
1696573728602518388,1696573728832935226,229827445,230351536
1696573728832951080,1696573729058844351,225256246,225829016
1696573729058857202,1696573729284199772,224575012,225290678
1696573729284209340,1696573729507063945,222250266,222808230
1696573729507072535,1696573729706542723,198845804,199421578
1696573729706551383,1696573729939490898,232238794,232870162
1696573729939500327,1696573730151944979,211896605,212396252
1696573730151954966,1696573730338147368,185337261,186125214
1696573730338160638,1696573730556453542,217699879,218247787
1696573730556463459,1696573730788465491,231423395,231945112
1696573730788475549,1696573731024628264,235643291,236105573
